crop,state,plant_begin,harvest_end,plant_month,plant_day,harvest_month,harvest_day,doy_begin,doy_harvest,growingdays
Barley_Winter,1,10/15/2023,6/30/2023,10,15,6,30,288,181,259
Corn_grain,1,3/25/2023,9/20/2023,3,25,9,20,84,263,180
Corn_Silage,1,3/15/2023,7/20/2023,3,15,7,20,74,201,128
Cotton_Upland,1,4/24/2023,10/20/2023,4,24,10,20,114,293,180
hay_Alfalfa,1,9/1/2023,9/1/2023,9,1,9,1,244,244,366
hay_Non_Alfalfa,1,9/1/2023,9/1/2023,9,1,9,1,244,244,366
OATS_fall,1,9/15/2023,6/25/2023,9,15,6,25,258,176,284
PEANUTS,1,4/25/2023,10/22/2023,4,25,10,22,115,295,181
POTATOES_summer,1,4/14/2023,8/23/2023,4,14,8,23,104,235,132
RYE,1,10/4/2023,6/20/2023,10,4,6,20,277,171,260
sorghum_grain,1,5/1/2023,10/30/2023,5,1,10,30,121,303,183
sorghum_silage,1,4/14/2023,9/16/2023,4,14,9,16,104,259,156
soybeans,1,5/25/2023,11/28/2023,5,25,11,28,145,332,188
Wheat_Winter,1,10/21/2023,6/25/2023,10,21,6,25,294,176,248
Barley_Spring,2,3/30/2023,8/30/2023,3,30,8,30,89,242,154
Barley_Winter,2,10/1/2023,7/15/2023,10,1,7,15,274,196,288
hay_Alfalfa,2,9/5/2023,9/5/2023,9,5,9,5,248,248,366
hay_Non_Alfalfa,2,8/20/2023,8/20/2023,8,20,8,20,232,232,366
OATS_fall,2,10/15/2023,8/20/2023,10,15,8,20,288,232,310
PEAS,2,4/10/2023,8/20/2023,4,10,8,20,100,232,133
POTATOES_fall,2,4/5/2023,10/15/2023,4,5,10,15,95,288,194
Wheat_Spring,2,3/25/2023,8/30/2023,3,25,8,30,84,242,159
Barley_Winter,4,12/1/2023,6/20/2023,12,1,6,20,335,171,202
BEANS,4,5/20/2023,9/30/2023,5,20,9,30,140,273,134
Corn_grain,4,4/1/2023,11/1/2023,4,1,11,1,91,305,215
Corn_Silage,4,4/1/2023,11/1/2023,4,1,11,1,91,305,215
Cotton_Upland,4,4/1/2023,11/10/2023,4,1,11,10,91,314,224
hay_Alfalfa,4,10/6/2023,10/6/2023,10,6,10,6,279,279,366
hay_Non_Alfalfa,4,8/10/2023,8/10/2023,8,10,8,10,222,222,366
OATS_fall,4,10/1/2023,9/1/2023,10,1,9,1,274,244,336
PEAS,4,4/10/2023,8/20/2023,4,10,8,20,100,232,133
POTATOES_fall,4,1/1/2023,6/15/2023,1,1,6,15,1,166,166
sorghum_grain,4,4/1/2023,11/1/2023,4,1,11,1,91,305,215
sorghum_silage,4,5/1/2023,10/30/2023,5,1,10,30,121,303,183
SUGARBEETS,4,4/5/2023,11/10/2023,4,5,11,10,95,314,220
Wheat_Durum,4,12/1/2023,6/15/2023,12,1,6,15,335,166,197
Wheat_Spring,4,4/1/2023,8/25/2023,4,1,8,25,91,237,147
Wheat_Winter,4,12/1/2023,6/15/2023,12,1,6,15,335,166,197
Barley_Winter,5,10/15/2023,6/30/2023,10,15,6,30,288,181,259
Corn_grain,5,4/1/2023,9/23/2023,4,1,9,23,91,266,176
Corn_Silage,5,3/24/2023,8/29/2023,3,24,8,29,83,241,159
Cotton_Upland,5,4/30/2023,11/6/2023,4,30,11,6,120,310,191
hay_Alfalfa,5,9/1/2023,9/1/2023,9,1,9,1,244,244,366
hay_Non_Alfalfa,5,9/1/2023,9/1/2023,9,1,9,1,244,244,366
OATS_fall,5,10/1/2023,6/15/2023,10,1,6,15,274,166,258
PEANUTS,5,5/6/2023,10/31/2023,5,6,10,31,126,304,179
PEAS,5,4/10/2023,8/31/2023,4,10,8,31,100,243,144
POTATOES_fall,5,4/5/2023,10/1/2023,4,5,10,1,95,274,180
RICE,5,4/14/2023,10/10/2023,4,14,10,10,104,283,180
sorghum_grain,5,4/13/2023,10/3/2023,4,13,10,3,103,276,174
sorghum_silage,5,4/14/2023,9/16/2023,4,14,9,16,104,259,156
soybeans,5,5/5/2023,11/13/2023,5,5,11,13,125,317,193
Wheat_Winter,5,10/13/2023,6/25/2023,10,13,6,25,286,176,256
Barley_Spring,6,3/1/2023,9/20/2023,3,1,9,20,60,263,204
Barley_Winter,6,10/1/2023,7/15/2023,10,1,7,15,274,196,288
BEANS,6,5/1/2023,10/15/2023,5,1,10,15,121,288,168
CANOLA,6,9/15/2023,6/10/2023,9,15,6,10,258,161,269
Corn_grain,6,4/1/2023,11/1/2023,4,1,11,1,91,305,215
Corn_Silage,6,4/15/2023,11/1/2023,4,15,11,1,105,305,201
Cotton_Upland,6,4/10/2023,11/1/2023,4,10,11,1,100,305,206
hay_Alfalfa,6,9/5/2023,9/5/2023,9,5,9,5,248,248,366
hay_Non_Alfalfa,6,8/20/2023,8/20/2023,8,20,8,20,232,232,366
OATS_fall,6,10/1/2023,9/1/2023,10,1,9,1,274,244,336
OATS_Spring,6,3/1/2023,9/20/2023,3,1,9,20,60,263,204
PEANUTS,6,5/15/2023,10/30/2023,5,15,10,30,135,303,169
PEAS,6,4/10/2023,8/20/2023,4,10,8,20,100,232,133
POTATOES_fall,6,1/1/2023,6/15/2023,1,1,6,15,1,166,166
RICE,6,5/1/2023,11/1/2023,5,1,11,1,121,305,185
sorghum_grain,6,5/20/2023,11/15/2023,5,20,11,15,140,319,180
sorghum_silage,6,5/1/2023,10/30/2023,5,1,10,30,121,303,183
SUGARBEETS,6,9/15/2023,8/1/2023,9,15,8,1,258,213,321
Wheat_Durum,6,10/20/2023,7/15/2023,10,20,7,15,293,196,269
Wheat_Spring,6,4/15/2023,8/25/2023,4,15,8,25,105,237,133
Wheat_Winter,6,10/20/2023,7/5/2023,10,20,7,5,293,186,259
Barley_Spring,8,3/26/2023,9/6/2023,3,26,9,6,85,249,165
BEANS,8,5/28/2023,10/13/2023,5,28,10,13,148,286,139
CANOLA,8,9/15/2023,6/10/2023,9,15,6,10,258,161,269
Corn_grain,8,4/28/2023,11/13/2023,4,28,11,13,118,317,200
Corn_Silage,8,4/28/2023,9/30/2023,4,28,9,30,118,273,156
hay_Alfalfa,8,10/6/2023,10/6/2023,10,6,10,6,279,279,366
hay_Non_Alfalfa,8,8/10/2023,8/10/2023,8,10,8,10,222,222,366
OATS_Spring,8,3/28/2023,9/13/2023,3,28,9,13,87,256,170
PEAS,8,4/10/2023,8/31/2023,4,10,8,31,100,243,144
POTATOES_fall,8,5/6/2023,10/11/2023,5,6,10,11,126,284,159
POTATOES_summer,8,4/14/2023,9/25/2023,4,14,9,25,104,268,165
RYE,8,9/12/2023,7/30/2023,9,12,7,30,255,211,322
sorghum_grain,8,5/19/2023,11/18/2023,5,19,11,18,139,322,184
sorghum_silage,8,5/19/2023,9/20/2023,5,19,9,20,139,263,125
SUGARBEETS,8,4/7/2023,11/4/2023,4,7,11,4,97,308,212
Wheat_Durum,8,12/1/2023,6/15/2023,12,1,6,15,335,166,197
Wheat_Spring,8,4/9/2023,9/17/2023,4,9,9,17,99,260,162
Wheat_Winter,8,9/11/2023,7/21/2023,9,11,7,21,254,202,314
Barley_Spring,9,4/7/2023,8/27/2023,4,7,8,27,97,239,143
BEANS,9,6/15/2023,9/30/2023,6,15,9,30,166,273,108
Corn_grain,9,5/4/2023,11/14/2023,5,4,11,14,124,318,195
Corn_Silage,9,5/12/2023,10/16/2023,5,12,10,16,132,289,158
POTATOES_fall,9,5/15/2023,10/7/2023,5,15,10,7,135,280,146
Wheat_Winter,9,9/15/2023,8/7/2023,9,15,8,7,258,219,327
Barley_Winter,10,10/9/2023,6/28/2023,10,9,6,28,282,179,263
Corn_grain,10,4/30/2023,10/15/2023,4,30,10,15,120,288,169
Corn_Silage,10,4/30/2023,9/18/2023,4,30,9,18,120,261,142
hay_Alfalfa,10,9/11/2023,9/11/2023,9,11,9,11,254,254,366
hay_Non_Alfalfa,10,10/2/2023,10/2/2023,10,2,10,2,275,275,366
OATS_fall,10,9/27/2023,7/3/2023,9,27,7,3,270,184,280
POTATOES_summer,10,4/14/2023,8/23/2023,4,14,8,23,104,235,132
sorghum_grain,10,5/15/2023,11/10/2023,5,15,11,10,135,314,180
soybeans,10,5/30/2023,11/14/2023,5,30,11,14,150,318,169
Wheat_Winter,10,10/19/2023,7/8/2023,10,19,7,8,292,189,263
Corn_grain,12,3/15/2023,9/10/2023,3,15,9,10,74,253,180
Corn_Silage,12,3/15/2023,7/20/2023,3,15,7,20,74,201,128
Cotton_Upland,12,4/25/2023,11/20/2023,4,25,11,20,115,324,210
hay_Alfalfa,12,9/1/2023,9/1/2023,9,1,9,1,244,244,366
hay_Non_Alfalfa,12,9/15/2023,9/15/2023,9,15,9,15,258,258,366
OATS_fall,12,9/15/2023,6/25/2023,9,15,6,25,258,176,284
PEANUTS,12,4/25/2023,11/30/2023,4,25,11,30,115,334,220
POTATOES_spring,12,9/15/2023,6/15/2023,9,15,6,15,258,166,274
RICE,12,3/28/2023,9/15/2023,3,28,9,15,87,258,172
RYE,12,10/4/2023,6/20/2023,10,4,6,20,277,171,260
sorghum_grain,12,5/1/2023,10/30/2023,5,1,10,30,121,303,183
sorghum_silage,12,3/22/2023,10/1/2023,3,22,10,1,81,274,194
soybeans,12,5/1/2023,11/25/2023,5,1,11,25,121,329,209
SUGARCANE,12,9/15/2023,3/21/2023,9,15,3,21,258,80,188
Wheat_Winter,12,11/15/2023,5/31/2023,11,15,5,31,319,151,198
Barley_Winter,13,10/15/2023,6/30/2023,10,15,6,30,288,181,259
Corn_grain,13,3/22/2023,9/22/2023,3,22,9,22,81,265,185
Corn_Silage,13,3/15/2023,7/20/2023,3,15,7,20,74,201,128
Cotton_Upland,13,5/2/2023,12/2/2023,5,2,12,2,122,336,215
hay_Alfalfa,13,9/1/2023,9/1/2023,9,1,9,1,244,244,366
hay_Non_Alfalfa,13,9/15/2023,9/15/2023,9,15,9,15,258,258,366
OATS_fall,13,10/10/2023,6/22/2023,10,10,6,22,283,173,256
PEANUTS,13,5/6/2023,10/31/2023,5,6,10,31,126,304,179
POTATOES_spring,13,9/15/2023,6/15/2023,9,15,6,15,258,166,274
RYE,13,10/4/2023,6/20/2023,10,4,6,20,277,171,260
sorghum_grain,13,4/30/2023,11/19/2023,4,30,11,19,120,323,204
sorghum_silage,13,4/14/2023,9/16/2023,4,14,9,16,104,259,156
soybeans,13,5/17/2023,12/8/2023,5,17,12,8,137,342,206
Wheat_Winter,13,11/3/2023,6/18/2023,11,3,6,18,307,169,228
BEANS,15,5/1/2023,10/15/2023,5,1,10,15,121,288,168
Corn_grain,15,4/1/2023,11/1/2023,4,1,11,1,91,305,215
hay_Alfalfa,15,9/5/2023,9/5/2023,9,5,9,5,248,248,366
PEAS,15,4/10/2023,8/20/2023,4,10,8,20,100,232,133
POTATOES_fall,15,4/15/2023,10/20/2023,4,15,10,20,105,293,189
Barley_Spring,16,4/7/2023,9/8/2023,4,7,9,8,97,251,155
BEANS,16,5/26/2023,10/6/2023,5,26,10,6,146,279,134
CANOLA,16,9/15/2023,6/10/2023,9,15,6,10,258,161,269
Corn_grain,16,5/5/2023,11/10/2023,5,5,11,10,125,314,190
Corn_Silage,16,5/5/2023,10/6/2023,5,5,10,6,125,279,155
hay_Alfalfa,16,9/5/2023,9/5/2023,9,5,9,5,248,248,366
hay_Non_Alfalfa,16,8/20/2023,8/20/2023,8,20,8,20,232,232,366
OATS_Spring,16,4/14/2023,9/8/2023,4,14,9,8,104,251,148
PEAS,16,4/10/2023,8/20/2023,4,10,8,20,100,232,133
POTATOES_fall,16,4/28/2023,10/13/2023,4,28,10,13,118,286,169
sorghum_silage,16,5/19/2023,9/20/2023,5,19,9,20,139,263,125
SUGARBEETS,16,4/3/2023,10/30/2023,4,3,10,30,93,303,211
Wheat_Durum,16,4/10/2023,9/10/2023,4,10,9,10,100,253,154
Wheat_Spring,16,4/7/2023,9/8/2023,4,7,9,8,97,251,155
Wheat_Winter,16,9/22/2023,8/25/2023,9,22,8,25,265,237,338
Barley_Spring,17,4/13/2023,8/19/2023,4,13,8,19,103,231,129
BEANS,17,6/3/2023,10/12/2023,6,3,10,12,154,285,132
Corn_grain,17,4/21/2023,11/5/2023,4,21,11,5,111,309,199
Corn_Silage,17,4/25/2023,9/20/2023,4,25,9,20,115,263,149
Cotton_Upland,17,4/25/2023,11/20/2023,4,25,11,20,115,324,210
hay_Alfalfa,17,9/8/2023,9/8/2023,9,8,9,8,251,251,366
hay_Non_Alfalfa,17,6/28/2023,6/28/2023,6,28,6,28,179,179,366
OATS_Spring,17,3/29/2023,8/7/2023,3,29,8,7,88,219,132
PEAS,17,4/10/2023,8/31/2023,4,10,8,31,100,243,144
POTATOES_fall,17,4/5/2023,10/1/2023,4,5,10,1,95,274,180
RYE,17,9/12/2023,7/30/2023,9,12,7,30,255,211,322
sorghum_grain,17,5/17/2023,11/8/2023,5,17,11,8,137,312,176
sorghum_silage,17,5/20/2023,10/11/2023,5,20,10,11,140,284,145
soybeans,17,5/8/2023,10/26/2023,5,8,10,26,128,299,172
Wheat_Winter,17,10/5/2023,7/11/2023,10,5,7,11,278,192,280
Barley_Spring,18,4/13/2023,8/19/2023,4,13,8,19,103,231,129
Corn_grain,18,5/1/2023,11/10/2023,5,1,11,10,121,314,194
Corn_Silage,18,5/1/2023,9/5/2023,5,1,9,5,121,248,128
hay_Alfalfa,18,9/8/2023,9/8/2023,9,8,9,8,251,251,366
hay_Non_Alfalfa,18,6/28/2023,6/28/2023,6,28,6,28,179,179,366
OATS_Spring,18,4/5/2023,8/5/2023,4,5,8,5,95,217,123
PEAS,18,4/10/2023,8/31/2023,4,10,8,31,100,243,144
POTATOES_fall,18,4/24/2023,10/19/2023,4,24,10,19,114,292,179
RYE,18,9/12/2023,7/30/2023,9,12,7,30,255,211,322
sorghum_grain,18,5/17/2023,11/8/2023,5,17,11,8,137,312,176
sorghum_silage,18,5/20/2023,10/11/2023,5,20,10,11,140,284,145
soybeans,18,5/5/2023,11/1/2023,5,5,11,1,125,305,181
Wheat_Winter,18,10/1/2023,7/15/2023,10,1,7,15,274,196,288
Barley_Spring,19,4/23/2023,9/3/2023,4,23,9,3,113,246,134
Barley_Winter,19,10/1/2023,7/1/2023,10,1,7,1,274,182,274
BEANS,19,5/14/2023,10/9/2023,5,14,10,9,134,282,149
Corn_grain,19,4/25/2023,11/9/2023,4,25,11,9,115,313,199
Corn_Silage,19,4/25/2023,9/20/2023,4,25,9,20,115,263,149
hay_Alfalfa,19,9/15/2023,9/15/2023,9,15,9,15,258,258,366
hay_Non_Alfalfa,19,8/17/2023,8/17/2023,8,17,8,17,229,229,366
OATS_Spring,19,4/2/2023,8/5/2023,4,2,8,5,92,217,126
PEAS,19,4/10/2023,8/31/2023,4,10,8,31,100,243,144
POTATOES_fall,19,4/25/2023,10/12/2023,4,25,10,12,115,285,171
RYE,19,9/14/2023,7/24/2023,9,14,7,24,257,205,314
sorghum_grain,19,5/20/2023,10/30/2023,5,20,10,30,140,303,164
sorghum_silage,19,5/20/2023,10/11/2023,5,20,10,11,140,284,145
soybeans,19,5/8/2023,10/20/2023,5,8,10,20,128,293,166
Wheat_Spring,19,4/23/2023,9/9/2023,4,23,9,9,113,252,140
Wheat_Winter,19,9/26/2023,7/22/2023,9,26,7,22,269,203,300
Barley_Spring,20,3/5/2023,7/1/2023,3,5,7,1,64,182,119
Barley_Winter,20,10/1/2023,7/1/2023,10,1,7,1,274,182,274
BEANS,20,5/28/2023,10/13/2023,5,28,10,13,148,286,139
CANOLA,20,9/15/2023,6/10/2023,9,15,6,10,258,161,269
Corn_grain,20,4/15/2023,10/25/2023,4,15,10,25,105,298,194
Corn_Silage,20,4/15/2023,10/25/2023,4,15,10,25,105,298,194
Cotton_Upland,20,5/20/2023,12/15/2023,5,20,12,15,140,349,210
hay_Alfalfa,20,10/15/2023,10/15/2023,10,15,10,15,288,288,366
hay_Non_Alfalfa,20,9/1/2023,9/1/2023,9,1,9,1,244,244,366
OATS_Spring,20,3/5/2023,8/1/2023,3,5,8,1,64,213,150
PEAS,20,4/10/2023,8/31/2023,4,10,8,31,100,243,144
POTATOES_fall,20,5/6/2023,10/11/2023,5,6,10,11,126,284,159
RYE,20,9/10/2023,6/25/2023,9,10,6,25,253,176,289
sorghum_grain,20,5/15/2023,11/10/2023,5,15,11,10,135,314,180
sorghum_silage,20,5/19/2023,9/20/2023,5,19,9,20,139,263,125
soybeans,20,5/15/2023,11/1/2023,5,15,11,1,135,305,171
SUGARBEETS,20,4/7/2023,11/4/2023,4,7,11,4,97,308,212
Wheat_Spring,20,4/9/2023,9/17/2023,4,9,9,17,99,260,162
Wheat_Winter,20,9/15/2023,7/5/2023,9,15,7,5,258,186,294
Barley_Winter,21,10/1/2023,6/15/2023,10,1,6,15,274,166,258
Corn_grain,21,4/14/2023,10/24/2023,4,14,10,24,104,297,194
Corn_Silage,21,5/1/2023,9/30/2023,5,1,9,30,121,273,153
Cotton_Upland,21,4/25/2023,11/20/2023,4,25,11,20,115,324,210
hay_Alfalfa,21,9/1/2023,9/1/2023,9,1,9,1,244,244,366
hay_Non_Alfalfa,21,9/1/2023,9/1/2023,9,1,9,1,244,244,366
OATS_fall,21,9/27/2023,7/3/2023,9,27,7,3,270,184,280
POTATOES_fall,21,4/20/2023,10/6/2023,4,20,10,6,110,279,170
RYE,21,10/4/2023,6/20/2023,10,4,6,20,277,171,260
sorghum_grain,21,5/15/2023,11/10/2023,5,15,11,10,135,314,180
sorghum_silage,21,4/14/2023,9/16/2023,4,14,9,16,104,259,156
soybeans,21,5/16/2023,11/14/2023,5,16,11,14,136,318,183
Wheat_Winter,21,10/6/2023,7/4/2023,10,6,7,4,279,185,272
BEANS,22,5/20/2023,9/30/2023,5,20,9,30,140,273,134
CANOLA,22,9/15/2023,6/10/2023,9,15,6,10,258,161,269
Corn_grain,22,3/19/2023,9/5/2023,3,19,9,5,78,248,171
Corn_Silage,22,3/24/2023,8/29/2023,3,24,8,29,83,241,159
Cotton_Upland,22,4/24/2023,10/23/2023,4,24,10,23,114,296,183
hay_Alfalfa,22,9/1/2023,9/1/2023,9,1,9,1,244,244,366
hay_Non_Alfalfa,22,9/1/2023,9/1/2023,9,1,9,1,244,244,366
OATS_fall,22,10/1/2023,6/15/2023,10,1,6,15,274,166,258
PEANUTS,22,5/6/2023,10/31/2023,5,6,10,31,126,304,179
POTATOES_fall,22,4/25/2023,10/10/2023,4,25,10,10,115,283,169
POTATOES_spring,22,9/15/2023,6/15/2023,9,15,6,15,258,166,274
RICE,22,3/28/2023,9/15/2023,3,28,9,15,87,258,172
sorghum_grain,22,4/11/2023,9/10/2023,4,11,9,10,101,253,153
sorghum_silage,22,4/14/2023,9/16/2023,4,14,9,16,104,259,156
soybeans,22,4/23/2023,10/25/2023,4,23,10,25,113,298,186
SUGARCANE,22,8/18/2023,12/17/2023,8,18,12,17,230,351,122
Wheat_Winter,22,10/27/2023,6/7/2023,10,27,6,7,300,158,224
Barley_Spring,23,5/9/2023,9/18/2023,5,9,9,18,129,261,133
BEANS,23,6/15/2023,9/30/2023,6,15,9,30,166,273,108
Corn_grain,23,5/4/2023,11/14/2023,5,4,11,14,124,318,195
Corn_Silage,23,5/12/2023,10/16/2023,5,12,10,16,132,289,158
OATS_Spring,23,5/10/2023,9/22/2023,5,10,9,22,130,265,136
POTATOES_fall,23,5/14/2023,10/10/2023,5,14,10,10,134,283,150
Wheat_Winter,23,9/15/2023,8/7/2023,9,15,8,7,258,219,327
Barley_Winter,24,10/1/2023,6/28/2023,10,1,6,28,274,179,271
Corn_grain,24,4/30/2023,10/22/2023,4,30,10,22,120,295,176
Corn_Silage,24,4/30/2023,10/1/2023,4,30,10,1,120,274,155
hay_Alfalfa,24,9/11/2023,9/11/2023,9,11,9,11,254,254,366
hay_Non_Alfalfa,24,10/2/2023,10/2/2023,10,2,10,2,275,275,366
OATS_Spring,24,4/10/2023,8/15/2023,4,10,8,15,100,227,128
POTATOES_summer,24,4/12/2023,8/11/2023,4,12,8,11,102,223,122
sorghum_grain,24,6/2/2023,11/3/2023,6,2,11,3,153,307,155
soybeans,24,5/28/2023,11/15/2023,5,28,11,15,148,319,172
Wheat_Winter,24,10/17/2023,7/12/2023,10,17,7,12,290,193,269
Barley_Spring,25,4/7/2023,8/27/2023,4,7,8,27,97,239,143
BEANS,25,6/15/2023,9/30/2023,6,15,9,30,166,273,108
Corn_grain,25,5/4/2023,11/14/2023,5,4,11,14,124,318,195
Corn_Silage,25,5/12/2023,10/16/2023,5,12,10,16,132,289,158
POTATOES_fall,25,4/27/2023,10/10/2023,4,27,10,10,117,283,167
Wheat_Winter,25,9/15/2023,8/7/2023,9,15,8,7,258,219,327
Barley_Spring,26,4/13/2023,8/19/2023,4,13,8,19,103,231,129
BEANS,26,6/3/2023,10/12/2023,6,3,10,12,154,285,132
CANOLA,26,9/15/2023,6/10/2023,9,15,6,10,258,161,269
Corn_grain,26,5/1/2023,11/25/2023,5,1,11,25,121,329,209
Corn_Silage,26,5/1/2023,10/10/2023,5,1,10,10,121,283,163
hay_Alfalfa,26,9/11/2023,9/11/2023,9,11,9,11,254,254,366
hay_Non_Alfalfa,26,9/11/2023,9/11/2023,9,11,9,11,254,254,366
OATS_Spring,26,4/13/2023,8/24/2023,4,13,8,24,103,236,134
PEAS,26,4/10/2023,8/31/2023,4,10,8,31,100,243,144
POTATOES_fall,26,4/24/2023,10/19/2023,4,24,10,19,114,292,179
RYE,26,9/12/2023,7/30/2023,9,12,7,30,255,211,322
sorghum_grain,26,5/17/2023,11/8/2023,5,17,11,8,137,312,176
sorghum_silage,26,5/20/2023,10/11/2023,5,20,10,11,140,284,145
soybeans,26,5/11/2023,11/3/2023,5,11,11,3,131,307,177
SUGARBEETS,26,4/10/2023,11/3/2023,4,10,11,3,100,307,208
Wheat_Spring,26,4/10/2023,8/25/2023,4,10,8,25,100,237,138
Wheat_Winter,26,9/22/2023,7/29/2023,9,22,7,29,265,210,311
Barley_Spring,27,4/23/2023,9/3/2023,4,23,9,3,113,246,134
BEANS,27,5/14/2023,10/9/2023,5,14,10,9,134,282,149
CANOLA,27,9/15/2023,6/10/2023,9,15,6,10,258,161,269
Corn_grain,27,4/26/2023,11/8/2023,4,26,11,8,116,312,197
Corn_Silage,27,4/26/2023,10/5/2023,4,26,10,5,116,278,163
hay_Alfalfa,27,9/15/2023,9/15/2023,9,15,9,15,258,258,366
hay_Non_Alfalfa,27,8/17/2023,8/17/2023,8,17,8,17,229,229,366
OATS_Spring,27,4/19/2023,8/24/2023,4,19,8,24,109,236,128
PEAS,27,4/10/2023,8/31/2023,4,10,8,31,100,243,144
POTATOES_fall,27,4/25/2023,10/12/2023,4,25,10,12,115,285,171
RYE,27,9/14/2023,7/24/2023,9,14,7,24,257,205,314
sorghum_grain,27,5/20/2023,10/30/2023,5,20,10,30,140,303,164
sorghum_silage,27,5/20/2023,10/11/2023,5,20,10,11,140,284,145
soybeans,27,5/8/2023,10/20/2023,5,8,10,20,128,293,166
SUGARBEETS,27,4/24/2023,10/19/2023,4,24,10,19,114,292,179
Wheat_Durum,27,4/27/2023,9/16/2023,4,27,9,16,117,259,143
Wheat_Spring,27,4/23/2023,9/9/2023,4,23,9,9,113,252,140
Wheat_Winter,27,9/1/2023,8/25/2023,9,1,8,25,244,237,359
Corn_grain,28,3/24/2023,9/23/2023,3,24,9,23,83,266,184
Corn_Silage,28,3/24/2023,8/29/2023,3,24,8,29,83,241,159
Cotton_Upland,28,4/27/2023,10/29/2023,4,27,10,29,117,302,186
hay_Alfalfa,28,9/1/2023,9/1/2023,9,1,9,1,244,244,366
hay_Non_Alfalfa,28,9/1/2023,9/1/2023,9,1,9,1,244,244,366
OATS_fall,28,9/15/2023,6/25/2023,9,15,6,25,258,176,284
PEANUTS,28,5/6/2023,10/31/2023,5,6,10,31,126,304,179
POTATOES_spring,28,9/15/2023,6/15/2023,9,15,6,15,258,166,274
RICE,28,4/18/2023,10/6/2023,4,18,10,6,108,279,172
sorghum_grain,28,4/14/2023,9/27/2023,4,14,9,27,104,270,167
sorghum_silage,28,4/14/2023,9/16/2023,4,14,9,16,104,259,156
soybeans,28,4/26/2023,10/31/2023,4,26,10,31,116,304,189
Wheat_Winter,28,10/10/2023,6/21/2023,10,10,6,21,283,172,255
Barley_Winter,29,10/1/2023,7/1/2023,10,1,7,1,274,182,274
Corn_grain,29,4/11/2023,11/3/2023,4,11,11,3,101,307,207
Corn_Silage,29,4/25/2023,9/20/2023,4,25,9,20,115,263,149
Cotton_Upland,29,4/29/2023,11/9/2023,4,29,11,9,119,313,195
hay_Alfalfa,29,8/14/2023,8/14/2023,8,14,8,14,226,226,366
hay_Non_Alfalfa,29,7/14/2023,7/14/2023,7,14,7,14,195,195,366
OATS_Spring,29,3/15/2023,7/25/2023,3,15,7,25,74,206,133
PEAS,29,4/10/2023,8/31/2023,4,10,8,31,100,243,144
POTATOES_fall,29,4/5/2023,10/1/2023,4,5,10,1,95,274,180
RICE,29,4/20/2023,10/18/2023,4,20,10,18,110,291,182
RYE,29,9/12/2023,7/30/2023,9,12,7,30,255,211,322
sorghum_grain,29,5/6/2023,11/7/2023,5,6,11,7,126,311,186
sorghum_silage,29,5/20/2023,10/11/2023,5,20,10,11,140,284,145
soybeans,29,5/13/2023,11/8/2023,5,13,11,8,133,312,180
Wheat_Spring,29,4/10/2023,8/25/2023,4,10,8,25,100,237,138
Wheat_Winter,29,10/4/2023,7/10/2023,10,4,7,10,277,191,280
Barley_Spring,30,4/13/2023,9/2/2023,4,13,9,2,103,245,143
BEANS,30,5/10/2023,10/2/2023,5,10,10,2,130,275,146
CANOLA,30,9/15/2023,6/10/2023,9,15,6,10,258,161,269
Corn_grain,30,5/4/2023,12/3/2023,5,4,12,3,124,337,214
Corn_Silage,30,5/4/2023,10/1/2023,5,4,10,1,124,274,151
hay_Alfalfa,30,9/12/2023,9/12/2023,9,12,9,12,255,255,366
hay_Non_Alfalfa,30,8/14/2023,8/14/2023,8,14,8,14,226,226,366
OATS_Spring,30,4/26/2023,9/9/2023,4,26,9,9,116,252,137
PEAS,30,4/10/2023,8/31/2023,4,10,8,31,100,243,144
POTATOES_fall,30,5/17/2023,10/23/2023,5,17,10,23,137,296,160
RYE,30,9/14/2023,7/24/2023,9,14,7,24,257,205,314
sorghum_grain,30,5/20/2023,11/6/2023,5,20,11,6,140,310,171
sorghum_silage,30,5/20/2023,10/11/2023,5,20,10,11,140,284,145
SUGARBEETS,30,4/20/2023,10/27/2023,4,20,10,27,110,300,191
Wheat_Durum,30,5/1/2023,9/22/2023,5,1,9,22,121,265,145
Wheat_Spring,30,4/14/2023,9/6/2023,4,14,9,6,104,249,146
Wheat_Winter,30,9/12/2023,8/12/2023,9,12,8,12,255,224,335
Barley_Spring,31,3/25/2023,7/25/2023,3,25,7,25,84,206,123
BEANS,31,5/27/2023,10/9/2023,5,27,10,9,147,282,136
CANOLA,31,9/15/2023,6/10/2023,9,15,6,10,258,161,269
Corn_grain,31,4/27/2023,11/10/2023,4,27,11,10,117,314,198
Corn_Silage,31,4/27/2023,11/10/2023,4,27,11,10,117,314,198
hay_Alfalfa,31,9/15/2023,9/15/2023,9,15,9,15,258,258,366
hay_Non_Alfalfa,31,8/17/2023,8/17/2023,8,17,8,17,229,229,366
OATS_Spring,31,4/1/2023,7/30/2023,4,1,7,30,91,211,121
PEAS,31,4/10/2023,8/31/2023,4,10,8,31,100,243,144
POTATOES_fall,31,5/6/2023,10/11/2023,5,6,10,11,126,284,159
RYE,31,9/12/2023,7/30/2023,9,12,7,30,255,211,322
sorghum_grain,31,5/16/2023,11/8/2023,5,16,11,8,136,312,177
sorghum_silage,31,5/20/2023,10/11/2023,5,20,10,11,140,284,145
soybeans,31,5/11/2023,10/24/2023,5,11,10,24,131,297,167
SUGARBEETS,31,4/10/2023,10/30/2023,4,10,10,30,100,303,204
Wheat_Spring,31,4/8/2023,8/20/2023,4,8,8,20,98,232,135
Wheat_Winter,31,9/9/2023,7/21/2023,9,9,7,21,252,202,316
Barley_Spring,32,4/15/2023,8/25/2023,4,15,8,25,105,237,133
BEANS,32,5/1/2023,10/15/2023,5,1,10,15,121,288,168
Corn_grain,32,4/1/2023,11/1/2023,4,1,11,1,91,305,215
Corn_Silage,32,4/1/2023,11/1/2023,4,1,11,1,91,305,215
Cotton_Upland,32,4/10/2023,11/1/2023,4,10,11,1,100,305,206
hay_Alfalfa,32,9/5/2023,9/5/2023,9,5,9,5,248,248,366
hay_Non_Alfalfa,32,8/20/2023,8/20/2023,8,20,8,20,232,232,366
OATS_fall,32,10/1/2023,9/1/2023,10,1,9,1,274,244,336
POTATOES_fall,32,1/1/2023,6/15/2023,1,1,6,15,1,166,166
Wheat_Spring,32,4/15/2023,8/25/2023,4,15,8,25,105,237,133
Wheat_Winter,32,9/15/2023,8/20/2023,9,15,8,20,258,232,340
Barley_Spring,33,5/9/2023,9/18/2023,5,9,9,18,129,261,133
Barley_Winter,33,9/15/2023,7/20/2023,9,15,7,20,258,201,309
Corn_grain,33,5/10/2023,11/20/2023,5,10,11,20,130,324,195
Corn_Silage,33,5/12/2023,10/16/2023,5,12,10,16,132,289,158
POTATOES_fall,33,5/14/2023,10/10/2023,5,14,10,10,134,283,150
soybeans,33,5/20/2023,11/10/2023,5,20,11,10,140,314,175
Barley_Winter,34,10/1/2023,7/10/2023,10,1,7,10,274,191,283
BEANS,34,6/15/2023,9/30/2023,6,15,9,30,166,273,108
Corn_grain,34,5/1/2023,11/1/2023,5,1,11,1,121,305,185
Corn_Silage,34,5/1/2023,9/30/2023,5,1,9,30,121,273,153
hay_Alfalfa,34,9/11/2023,9/11/2023,9,11,9,11,254,254,366
hay_Non_Alfalfa,34,10/2/2023,10/2/2023,10,2,10,2,275,275,366
OATS_fall,34,9/27/2023,7/3/2023,9,27,7,3,270,184,280
POTATOES_summer,34,5/1/2023,9/30/2023,5,1,9,30,121,273,153
sorghum_grain,34,6/2/2023,11/3/2023,6,2,11,3,153,307,155
soybeans,34,5/20/2023,11/10/2023,5,20,11,10,140,314,175
Wheat_Winter,34,10/5/2023,7/10/2023,10,5,7,10,278,191,279
Barley_Winter,35,12/1/2023,6/20/2023,12,1,6,20,335,171,202
BEANS,35,5/20/2023,9/30/2023,5,20,9,30,140,273,134
Corn_grain,35,4/20/2023,10/30/2023,4,20,10,30,110,303,194
Corn_Silage,35,4/20/2023,10/1/2023,4,20,10,1,110,274,165
Cotton_Upland,35,4/20/2023,11/30/2023,4,20,11,30,110,334,225
hay_Alfalfa,35,10/6/2023,10/6/2023,10,6,10,6,279,279,366
hay_Non_Alfalfa,35,8/10/2023,8/10/2023,8,10,8,10,222,222,366
OATS_fall,35,9/20/2023,6/22/2023,9,20,6,22,263,173,276
PEANUTS,35,5/15/2023,10/30/2023,5,15,10,30,135,303,169
POTATOES_fall,35,4/25/2023,10/10/2023,4,25,10,10,115,283,169
sorghum_grain,35,5/20/2023,11/15/2023,5,20,11,15,140,319,180
sorghum_silage,35,5/20/2023,10/10/2023,5,20,10,10,140,283,144
soybeans,35,4/27/2023,11/20/2023,4,27,11,20,117,324,208
SUGARBEETS,35,4/5/2023,11/10/2023,4,5,11,10,95,314,220
Wheat_Durum,35,12/1/2023,6/15/2023,12,1,6,15,335,166,197
Wheat_Spring,35,4/9/2023,9/17/2023,4,9,9,17,99,260,162
Wheat_Winter,35,9/10/2023,7/10/2023,9,10,7,10,253,191,304
Barley_Spring,36,4/7/2023,8/27/2023,4,7,8,27,97,239,143
BEANS,36,6/15/2023,9/30/2023,6,15,9,30,166,273,108
Corn_grain,36,5/4/2023,11/14/2023,5,4,11,14,124,318,195
Corn_Silage,36,5/4/2023,10/1/2023,5,4,10,1,124,274,151
hay_Alfalfa,36,9/11/2023,9/11/2023,9,11,9,11,254,254,366
hay_Non_Alfalfa,36,10/2/2023,10/2/2023,10,2,10,2,275,275,366
OATS_Spring,36,4/1/2023,8/24/2023,4,1,8,24,91,236,146
POTATOES_fall,36,5/15/2023,10/7/2023,5,15,10,7,135,280,146
sorghum_grain,36,6/2/2023,11/3/2023,6,2,11,3,153,307,155
soybeans,36,5/19/2023,11/14/2023,5,19,11,14,139,318,180
Wheat_Winter,36,9/15/2023,8/7/2023,9,15,8,7,258,219,327
Barley_Winter,37,10/15/2023,6/30/2023,10,15,6,30,288,181,259
Corn_grain,37,4/10/2023,10/10/2023,4,10,10,10,100,283,184
Corn_Silage,37,4/10/2023,9/20/2023,4,10,9,20,100,263,164
Cotton_Upland,37,5/1/2023,11/15/2023,5,1,11,15,121,319,199
hay_Alfalfa,37,9/1/2023,9/1/2023,9,1,9,1,244,244,366
hay_Non_Alfalfa,37,9/15/2023,9/15/2023,9,15,9,15,258,258,366
OATS_fall,37,10/15/2023,6/30/2023,10,15,6,30,288,181,259
PEANUTS,37,5/10/2023,10/30/2023,5,10,10,30,130,303,174
POTATOES_summer,37,3/10/2023,7/15/2023,3,10,7,15,69,196,128
RICE,37,3/28/2023,9/15/2023,3,28,9,15,87,258,172
RYE,37,10/10/2023,6/28/2023,10,10,6,28,283,179,262
sorghum_grain,37,5/25/2023,10/22/2023,5,25,10,22,145,295,151
sorghum_silage,37,3/22/2023,10/1/2023,3,22,10,1,81,274,194
soybeans,37,5/20/2023,12/5/2023,5,20,12,5,140,339,200
Wheat_Winter,37,10/15/2023,6/30/2023,10,15,6,30,288,181,259
Barley_Spring,38,4/26/2023,9/3/2023,4,26,9,3,116,246,131
BEANS,38,5/19/2023,10/11/2023,5,19,10,11,139,284,146
CANOLA,38,9/15/2023,6/10/2023,9,15,6,10,258,161,269
Corn_grain,38,5/2/2023,11/19/2023,5,2,11,19,122,323,202
Corn_Silage,38,5/2/2023,10/5/2023,5,2,10,5,122,278,157
hay_Alfalfa,38,9/12/2023,9/12/2023,9,12,9,12,255,255,366
hay_Non_Alfalfa,38,8/14/2023,8/14/2023,8,14,8,14,226,226,366
OATS_Spring,38,4/26/2023,9/5/2023,4,26,9,5,116,248,133
PEAS,38,4/10/2023,8/31/2023,4,10,8,31,100,243,144
POTATOES_fall,38,5/5/2023,10/7/2023,5,5,10,7,125,280,156
RYE,38,9/14/2023,7/24/2023,9,14,7,24,257,205,314
sorghum_grain,38,5/20/2023,11/6/2023,5,20,11,6,140,310,171
sorghum_silage,38,5/20/2023,10/11/2023,5,20,10,11,140,284,145
soybeans,38,5/14/2023,10/21/2023,5,14,10,21,134,294,161
SUGARBEETS,38,4/24/2023,10/17/2023,4,24,10,17,114,290,177
Wheat_Durum,38,5/2/2023,9/23/2023,5,2,9,23,122,266,145
Wheat_Spring,38,4/24/2023,9/13/2023,4,24,9,13,114,256,143
Wheat_Winter,38,9/10/2023,7/29/2023,9,10,7,29,253,210,323
Barley_Spring,39,4/13/2023,8/19/2023,4,13,8,19,103,231,129
BEANS,39,6/3/2023,10/12/2023,6,3,10,12,154,285,132
Corn_grain,39,4/24/2023,11/20/2023,4,24,11,20,114,324,211
Corn_Silage,39,4/24/2023,10/4/2023,4,24,10,4,114,277,164
hay_Alfalfa,39,9/11/2023,9/11/2023,9,11,9,11,254,254,366
hay_Non_Alfalfa,39,10/2/2023,10/2/2023,10,2,10,2,275,275,366
OATS_Spring,39,4/9/2023,8/7/2023,4,9,8,7,99,219,121
POTATOES_fall,39,4/20/2023,10/6/2023,4,20,10,6,110,279,170
RYE,39,10/4/2023,6/20/2023,10,4,6,20,277,171,260
sorghum_grain,39,5/15/2023,11/10/2023,5,15,11,10,135,314,180
soybeans,39,5/3/2023,10/31/2023,5,3,10,31,123,304,182
SUGARBEETS,39,4/20/2023,11/10/2023,4,20,11,10,110,314,205
Wheat_Winter,39,10/2/2023,7/17/2023,10,2,7,17,275,198,289
Barley_Winter,40,10/3/2023,6/30/2023,10,3,6,30,276,181,271
BEANS,40,5/28/2023,10/13/2023,5,28,10,13,148,286,139
CANOLA,40,9/15/2023,6/10/2023,9,15,6,10,258,161,269
Corn_grain,40,4/2/2023,10/9/2023,4,2,10,9,92,282,191
Corn_Silage,40,4/28/2023,9/30/2023,4,28,9,30,118,273,156
Cotton_Upland,40,5/11/2023,12/9/2023,5,11,12,9,131,343,213
hay_Alfalfa,40,10/6/2023,10/6/2023,10,6,10,6,279,279,366
hay_Non_Alfalfa,40,8/10/2023,8/10/2023,8,10,8,10,222,222,366
OATS_Spring,40,2/22/2023,7/4/2023,2,22,7,4,53,185,133
PEANUTS,40,5/7/2023,11/16/2023,5,7,11,16,127,320,194
POTATOES_fall,40,5/6/2023,10/11/2023,5,6,10,11,126,284,159
RYE,40,9/10/2023,7/2/2023,9,10,7,2,253,183,296
sorghum_grain,40,5/12/2023,11/21/2023,5,12,11,21,132,325,194
sorghum_silage,40,5/19/2023,9/20/2023,5,19,9,20,139,263,125
soybeans,40,4/27/2023,11/20/2023,4,27,11,20,117,324,208
Wheat_Winter,40,9/15/2023,6/27/2023,9,15,6,27,258,178,286
Barley_Spring,41,3/30/2023,9/1/2023,3,30,9,1,89,244,156
BEANS,41,5/1/2023,10/15/2023,5,1,10,15,121,288,168
CANOLA,41,9/15/2023,6/10/2023,9,15,6,10,258,161,269
Corn_grain,41,4/25/2023,11/20/2023,4,25,11,20,115,324,210
Corn_Silage,41,5/25/2023,9/20/2023,5,25,9,20,145,263,119
hay_Alfalfa,41,9/5/2023,9/5/2023,9,5,9,5,248,248,366
hay_Non_Alfalfa,41,8/20/2023,8/20/2023,8,20,8,20,232,232,366
OATS_fall,41,10/15/2023,8/20/2023,10,15,8,20,288,232,310
PEAS,41,4/10/2023,8/20/2023,4,10,8,20,100,232,133
POTATOES_fall,41,4/15/2023,10/20/2023,4,15,10,20,105,293,189
SUGARBEETS,41,4/10/2023,10/20/2023,4,10,10,20,100,293,194
Wheat_Durum,41,10/20/2023,7/15/2023,10,20,7,15,293,196,269
Wheat_Spring,41,3/25/2023,9/1/2023,3,25,9,1,84,244,161
Wheat_Winter,41,10/10/2023,8/15/2023,10,10,8,15,283,227,310
Barley_Winter,42,9/15/2023,7/20/2023,9,15,7,20,258,201,309
BEANS,42,6/15/2023,9/30/2023,6,15,9,30,166,273,108
Corn_grain,42,5/10/2023,11/20/2023,5,10,11,20,130,324,195
Corn_Silage,42,5/10/2023,10/10/2023,5,10,10,10,130,283,154
hay_Alfalfa,42,9/11/2023,9/11/2023,9,11,9,11,254,254,366
hay_Non_Alfalfa,42,10/2/2023,10/2/2023,10,2,10,2,275,275,366
OATS_Spring,42,4/15/2023,8/20/2023,4,15,8,20,105,232,128
POTATOES_fall,42,4/30/2023,10/10/2023,4,30,10,10,120,283,164
sorghum_grain,42,6/2/2023,11/3/2023,6,2,11,3,153,307,155
soybeans,42,5/20/2023,11/10/2023,5,20,11,10,140,314,175
Wheat_Winter,42,9/15/2023,7/30/2023,9,15,7,30,258,211,319
Corn_grain,44,5/4/2023,11/14/2023,5,4,11,14,124,318,195
Corn_Silage,44,5/12/2023,10/16/2023,5,12,10,16,132,289,158
POTATOES_fall,44,4/30/2023,10/1/2023,4,30,10,1,120,274,155
Wheat_Winter,44,9/15/2023,8/7/2023,9,15,8,7,258,219,327
Barley_Winter,45,10/20/2023,6/24/2023,10,20,6,24,293,175,248
Corn_grain,45,3/20/2023,9/25/2023,3,20,9,25,79,268,190
Corn_Silage,45,4/10/2023,9/20/2023,4,10,9,20,100,263,164
Cotton_Upland,45,5/1/2023,11/13/2023,5,1,11,13,121,317,197
hay_Alfalfa,45,9/1/2023,9/1/2023,9,1,9,1,244,244,366
hay_Non_Alfalfa,45,9/15/2023,9/15/2023,9,15,9,15,258,258,366
OATS_fall,45,10/15/2023,6/20/2023,10,15,6,20,288,171,249
PEANUTS,45,4/25/2023,11/1/2023,4,25,11,1,115,305,191
POTATOES_spring,45,9/15/2023,6/15/2023,9,15,6,15,258,166,274
RYE,45,10/10/2023,6/28/2023,10,10,6,28,283,179,262
sorghum_grain,45,5/25/2023,11/6/2023,5,25,11,6,145,310,166
sorghum_silage,45,4/14/2023,9/16/2023,4,14,9,16,104,259,156
soybeans,45,5/27/2023,12/10/2023,5,27,12,10,147,344,198
Wheat_Winter,45,11/11/2023,6/25/2023,11,11,6,25,315,176,227
Barley_Spring,46,4/14/2023,8/19/2023,4,14,8,19,104,231,128
BEANS,46,5/19/2023,10/11/2023,5,19,10,11,139,284,146
CANOLA,46,9/15/2023,6/10/2023,9,15,6,10,258,161,269
Corn_grain,46,5/2/2023,11/16/2023,5,2,11,16,122,320,199
Corn_Silage,46,5/2/2023,10/5/2023,5,2,10,5,122,278,157
hay_Alfalfa,46,9/12/2023,9/12/2023,9,12,9,12,255,255,366
hay_Non_Alfalfa,46,8/14/2023,8/14/2023,8,14,8,14,226,226,366
OATS_Spring,46,4/10/2023,8/15/2023,4,10,8,15,100,227,128
PEAS,46,4/10/2023,8/31/2023,4,10,8,31,100,243,144
POTATOES_fall,46,5/5/2023,10/7/2023,5,5,10,7,125,280,156
RYE,46,9/9/2023,8/4/2023,9,9,8,4,252,216,330
sorghum_grain,46,5/20/2023,11/6/2023,5,20,11,6,140,310,171
sorghum_silage,46,5/20/2023,10/11/2023,5,20,10,11,140,284,145
soybeans,46,5/15/2023,10/24/2023,5,15,10,24,135,297,163
Wheat_Durum,46,4/8/2023,8/20/2023,4,8,8,20,98,232,135
Wheat_Spring,46,4/8/2023,8/20/2023,4,8,8,20,98,232,135
Wheat_Winter,46,9/9/2023,8/5/2023,9,9,8,5,252,217,331
Barley_Winter,47,10/15/2023,6/30/2023,10,15,6,30,288,181,259
Corn_grain,47,4/5/2023,10/10/2023,4,5,10,10,95,283,189
Corn_Silage,47,4/15/2023,9/20/2023,4,15,9,20,105,263,159
Cotton_Upland,47,5/1/2023,11/10/2023,5,1,11,10,121,314,194
hay_Alfalfa,47,9/1/2023,9/1/2023,9,1,9,1,244,244,366
hay_Non_Alfalfa,47,9/1/2023,9/1/2023,9,1,9,1,244,244,366
OATS_fall,47,9/15/2023,6/25/2023,9,15,6,25,258,176,284
PEANUTS,47,4/25/2023,10/22/2023,4,25,10,22,115,295,181
POTATOES_fall,47,4/20/2023,10/6/2023,4,20,10,6,110,279,170
RICE,47,4/14/2023,10/10/2023,4,14,10,10,104,283,180
RYE,47,10/4/2023,6/20/2023,10,4,6,20,277,171,260
sorghum_grain,47,5/10/2023,10/10/2023,5,10,10,10,130,283,154
sorghum_silage,47,4/14/2023,9/16/2023,4,14,9,16,104,259,156
soybeans,47,5/15/2023,11/20/2023,5,15,11,20,135,324,190
Wheat_Winter,47,10/10/2023,6/30/2023,10,10,6,30,283,181,264
Barley_Winter,48,10/1/2023,6/20/2023,10,1,6,20,274,171,263
BEANS,48,5/20/2023,9/30/2023,5,20,9,30,140,273,134
CANOLA,48,9/15/2023,6/10/2023,9,15,6,10,258,161,269
Corn_grain,48,3/8/2023,10/11/2023,3,8,10,11,67,284,218
Corn_Silage,48,3/20/2023,9/5/2023,3,20,9,5,79,248,170
Cotton_Upland,48,4/8/2023,12/21/2023,4,8,12,21,98,355,258
hay_Alfalfa,48,9/1/2023,9/1/2023,9,1,9,1,244,244,366
hay_Non_Alfalfa,48,9/1/2023,9/1/2023,9,1,9,1,244,244,366
OATS_fall,48,9/20/2023,6/22/2023,9,20,6,22,263,173,276
PEANUTS,48,5/6/2023,11/16/2023,5,6,11,16,126,320,195
POTATOES_fall,48,4/25/2023,10/10/2023,4,25,10,10,115,283,169
RICE,48,3/23/2023,9/4/2023,3,23,9,4,82,247,166
RYE,48,9/10/2023,7/2/2023,9,10,7,2,253,183,296
sorghum_grain,48,3/11/2023,11/16/2023,3,11,11,16,70,320,251
sorghum_silage,48,3/22/2023,10/1/2023,3,22,10,1,81,274,194
soybeans,48,3/30/2023,10/17/2023,3,30,10,17,89,290,202
SUGARBEETS,48,4/8/2023,12/1/2023,4,8,12,1,98,335,238
SUGARCANE,48,3/1/2023,3/1/2023,3,1,3,1,60,60,366
Wheat_Spring,48,4/9/2023,9/17/2023,4,9,9,17,99,260,162
Wheat_Winter,48,9/12/2023,7/2/2023,9,12,7,2,255,183,294
Barley_Spring,49,4/1/2023,8/15/2023,4,1,8,15,91,227,137
BEANS,49,5/1/2023,10/15/2023,5,1,10,15,121,288,168
Corn_grain,49,4/30/2023,10/30/2023,4,30,10,30,120,303,184
Corn_Silage,49,5/5/2023,10/5/2023,5,5,10,5,125,278,154
hay_Alfalfa,49,9/5/2023,9/5/2023,9,5,9,5,248,248,366
hay_Non_Alfalfa,49,8/20/2023,8/20/2023,8,20,8,20,232,232,366
OATS_Spring,49,4/10/2023,9/10/2023,4,10,9,10,100,253,154
POTATOES_summer,49,5/10/2023,10/15/2023,5,10,10,15,130,288,159
SUGARBEETS,49,4/7/2023,11/4/2023,4,7,11,4,97,308,212
Wheat_Spring,49,4/1/2023,8/25/2023,4,1,8,25,91,237,147
Wheat_Winter,49,8/25/2023,8/10/2023,8,25,8,10,237,222,351
Barley_Spring,50,4/7/2023,8/27/2023,4,7,8,27,97,239,143
Barley_Winter,50,9/15/2023,7/20/2023,9,15,7,20,258,201,309
BEANS,50,6/15/2023,9/30/2023,6,15,9,30,166,273,108
Corn_grain,50,5/4/2023,11/14/2023,5,4,11,14,124,318,195
Corn_Silage,50,5/12/2023,10/16/2023,5,12,10,16,132,289,158
POTATOES_fall,50,5/15/2023,10/7/2023,5,15,10,7,135,280,146
soybeans,50,5/19/2023,11/14/2023,5,19,11,14,139,318,180
Wheat_Winter,50,9/15/2023,8/7/2023,9,15,8,7,258,219,327
Barley_Winter,51,9/26/2023,6/25/2023,9,26,6,25,269,176,273
BEANS,51,6/3/2023,10/12/2023,6,3,10,12,154,285,132
Corn_grain,51,4/11/2023,10/28/2023,4,11,10,28,101,301,201
Corn_Silage,51,4/11/2023,9/27/2023,4,11,9,27,101,270,170
Cotton_Upland,51,4/25/2023,11/20/2023,4,25,11,20,115,324,210
hay_Alfalfa,51,9/1/2023,9/1/2023,9,1,9,1,244,244,366
hay_Non_Alfalfa,51,9/1/2023,9/1/2023,9,1,9,1,244,244,366
OATS_fall,51,9/27/2023,7/3/2023,9,27,7,3,270,184,280
PEANUTS,51,4/30/2023,10/17/2023,4,30,10,17,120,290,171
POTATOES_summer,51,4/14/2023,8/23/2023,4,14,8,23,104,235,132
RYE,51,10/4/2023,6/20/2023,10,4,6,20,277,171,260
sorghum_grain,51,5/15/2023,11/10/2023,5,15,11,10,135,314,180
sorghum_silage,51,3/22/2023,10/1/2023,3,22,10,1,81,274,194
soybeans,51,5/15/2023,11/28/2023,5,15,11,28,135,332,198
Wheat_Winter,51,10/10/2023,7/5/2023,10,10,7,5,283,186,269
Barley_Spring,53,3/30/2023,8/30/2023,3,30,8,30,89,242,154
BEANS,53,4/20/2023,10/1/2023,4,20,10,1,110,274,165
CANOLA,53,9/15/2023,6/10/2023,9,15,6,10,258,161,269
Corn_grain,53,4/20/2023,11/15/2023,4,20,11,15,110,319,210
Corn_Silage,53,4/20/2023,10/15/2023,4,20,10,15,110,288,179
hay_Alfalfa,53,9/5/2023,9/5/2023,9,5,9,5,248,248,366
hay_Non_Alfalfa,53,8/20/2023,8/20/2023,8,20,8,20,232,232,366
OATS_Spring,53,3/10/2023,8/30/2023,3,10,8,30,69,242,174
PEAS,53,4/10/2023,8/20/2023,4,10,8,20,100,232,133
POTATOES_fall,53,4/5/2023,10/15/2023,4,5,10,15,95,288,194
SUGARBEETS,53,3/22/2023,10/20/2023,3,22,10,20,81,293,213
Wheat_Durum,53,10/20/2023,7/15/2023,10,20,7,15,293,196,269
Wheat_Spring,53,3/25/2023,8/30/2023,3,25,8,30,84,242,159
Wheat_Winter,53,9/1/2023,8/20/2023,9,1,8,20,244,232,354
Barley_Winter,54,10/9/2023,6/28/2023,10,9,6,28,282,179,263
Corn_grain,54,5/1/2023,11/20/2023,5,1,11,20,121,324,204
Corn_Silage,54,5/1/2023,9/20/2023,5,1,9,20,121,263,143
hay_Alfalfa,54,9/1/2023,9/1/2023,9,1,9,1,244,244,366
hay_Non_Alfalfa,54,9/1/2023,9/1/2023,9,1,9,1,244,244,366
OATS_Spring,54,4/10/2023,8/15/2023,4,10,8,15,100,227,128
POTATOES_summer,54,4/14/2023,8/23/2023,4,14,8,23,104,235,132
sorghum_grain,54,6/2/2023,11/3/2023,6,2,11,3,153,307,155
soybeans,54,5/10/2023,11/30/2023,5,10,11,30,130,334,205
Wheat_Winter,54,9/15/2023,7/25/2023,9,15,7,25,258,206,314
Barley_Spring,55,4/10/2023,8/15/2023,4,10,8,15,100,227,128
BEANS,55,6/3/2023,10/12/2023,6,3,10,12,154,285,132
CANOLA,55,9/15/2023,6/10/2023,9,15,6,10,258,161,269
Corn_grain,55,5/2/2023,11/17/2023,5,2,11,17,122,321,200
Corn_Silage,55,5/2/2023,10/13/2023,5,2,10,13,122,286,165
hay_Alfalfa,55,9/11/2023,9/11/2023,9,11,9,11,254,254,366
hay_Non_Alfalfa,55,9/11/2023,9/11/2023,9,11,9,11,254,254,366
OATS_Spring,55,4/20/2023,8/24/2023,4,20,8,24,110,236,127
PEAS,55,4/10/2023,8/31/2023,4,10,8,31,100,243,144
POTATOES_fall,55,4/5/2023,10/1/2023,4,5,10,1,95,274,180
RYE,55,9/14/2023,7/24/2023,9,14,7,24,257,205,314
sorghum_grain,55,5/17/2023,11/8/2023,5,17,11,8,137,312,176
sorghum_silage,55,5/20/2023,10/11/2023,5,20,10,11,140,284,145
soybeans,55,5/12/2023,10/29/2023,5,12,10,29,132,302,171
Wheat_Spring,55,4/10/2023,8/25/2023,4,10,8,25,100,237,138
Wheat_Winter,55,10/5/2023,8/11/2023,10,5,8,11,278,223,311
Barley_Spring,56,3/26/2023,8/26/2023,3,26,8,26,85,238,154
BEANS,56,5/27/2023,10/15/2023,5,27,10,15,147,288,142
Corn_grain,56,5/3/2023,11/24/2023,5,3,11,24,123,328,206
Corn_Silage,56,5/3/2023,9/29/2023,5,3,9,29,123,272,150
hay_Alfalfa,56,9/12/2023,9/12/2023,9,12,9,12,255,255,366
hay_Non_Alfalfa,56,8/14/2023,8/14/2023,8,14,8,14,226,226,366
OATS_Spring,56,4/14/2023,9/1/2023,4,14,9,1,104,244,141
POTATOES_fall,56,4/28/2023,10/13/2023,4,28,10,13,118,286,169
sorghum_grain,56,5/20/2023,11/6/2023,5,20,11,6,140,310,171
sorghum_silage,56,5/20/2023,10/11/2023,5,20,10,11,140,284,145
soybeans,56,5/15/2023,10/24/2023,5,15,10,24,135,297,163
SUGARBEETS,56,4/13/2023,10/27/2023,4,13,10,27,103,300,198
Wheat_Durum,56,4/10/2023,9/10/2023,4,10,9,10,100,253,154
Wheat_Spring,56,4/14/2023,9/8/2023,4,14,9,8,104,251,148
Wheat_Winter,56,9/4/2023,8/15/2023,9,4,8,15,247,227,346
